[
  {
    "_id": "60bb91f81b7f70fb97346cbe",
    "isActive": false,
    "balance": "$3,539.90",
    "name": "Roman Doyle",
    "email": "romandoyle@sureplex.com",
    "phone": "+1 (844) 400-2078",
    "friends": [
      {
        "id": 0,
        "name": "Catherine Santana"
      },
      {
        "id": 1,
        "name": "Cervantes Brown"
      },
      {
        "id": 2,
        "name": "Jensen Mcdonald"
      }
    ]
  },
  {
    "_id": "60bb91f871d24cad23f31c6f",
    "isActive": true,
    "balance": "$3,123.94",
    "name": "Moran Dillard",
    "email": "morandillard@sureplex.com",
    "phone": "+1 (888) 549-3598",
    "friends": [
      {
        "id": 0,
        "name": "Maribel Wall"
      },
      {
        "id": 1,
        "name": "Dixon Robinson"
      },
      {
        "id": 2,
        "name": "Rivas Stein"
      }
    ]
  },
  {
    "_id": "60bb91f8ce701fa5f0d122c1",
    "isActive": true,
    "balance": "$2,597.47",
    "name": "Burt Rogers",
    "email": "burtrogers@sureplex.com",
    "phone": "+1 (949) 544-3266",
    "friends": [
      {
        "id": 0,
        "name": "Mildred Dillon"
      },
      {
        "id": 1,
        "name": "Mcguire Mccormick"
      },
      {
        "id": 2,
        "name": "Janna Clay"
      }
    ]
  },
  {
    "_id": "60bb91f87445e099463e2f64",
    "isActive": true,
    "balance": "$3,387.20",
    "name": "Mccormick Williamson",
    "email": "mccormickwilliamson@sureplex.com",
    "phone": "+1 (919) 578-3360",
    "friends": [
      {
        "id": 0,
        "name": "Olsen Dodson"
      },
      {
        "id": 1,
        "name": "Bridgette Craft"
      },
      {
        "id": 2,
        "name": "Kellie Snyder"
      }
    ]
  },
  {
    "_id": "60bb91f81b889fa044a80312",
    "isActive": false,
    "balance": "$1,779.93",
    "name": "Christy Larson",
    "email": "christylarson@sureplex.com",
    "phone": "+1 (974) 571-2143",
    "friends": [
      {
        "id": 0,
        "name": "Caitlin Wilcox"
      },
      {
        "id": 1,
        "name": "Bettye Herrera"
      },
      {
        "id": 2,
        "name": "Todd Adams"
      }
    ]
  },
  {
    "_id": "60bb91f86813787943b0ce90",
    "isActive": false,
    "balance": "$3,599.06",
    "name": "Diaz Cortez",
    "email": "diazcortez@sureplex.com",
    "phone": "+1 (977) 572-2571",
    "friends": [
      {
        "id": 0,
        "name": "Carrie Frazier"
      },
      {
        "id": 1,
        "name": "Hudson Pittman"
      },
      {
        "id": 2,
        "name": "Castro Lee"
      }
    ]
  },
  {
    "_id": "60bb91f8daac00aef54e5e46",
    "isActive": false,
    "balance": "$3,363.24",
    "name": "Foster Wilkerson",
    "email": "fosterwilkerson@sureplex.com",
    "phone": "+1 (885) 485-2158",
    "friends": [
      {
        "id": 0,
        "name": "Gallagher Mccarty"
      },
      {
        "id": 1,
        "name": "Cheri Rivas"
      },
      {
        "id": 2,
        "name": "Taylor Olson"
      }
    ]
  },
  {
    "_id": "60bb91f8f52227e54a9d0c9d",
    "isActive": false,
    "balance": "$2,961.61",
    "name": "Figueroa Cooper",
    "email": "figueroacooper@sureplex.com",
    "phone": "+1 (991) 430-3600",
    "friends": [
      {
        "id": 0,
        "name": "Ladonna Graham"
      },
      {
        "id": 1,
        "name": "Amber Travis"
      },
      {
        "id": 2,
        "name": "Janis Joyce"
      }
    ]
  },
  {
    "_id": "60bb91f88e59d5dde76a8a8c",
    "isActive": true,
    "balance": "$3,992.21",
    "name": "Jeanie Montoya",
    "email": "jeaniemontoya@sureplex.com",
    "phone": "+1 (878) 521-2190",
    "friends": [
      {
        "id": 0,
        "name": "Vega Moss"
      },
      {
        "id": 1,
        "name": "Kristy Whitney"
      },
      {
        "id": 2,
        "name": "Simpson Leonard"
      }
    ]
  },
  {
    "_id": "60bb91f897c1c87c654e19aa",
    "isActive": false,
    "balance": "$1,080.90",
    "name": "Goodman Chavez",
    "email": "goodmanchavez@sureplex.com",
    "phone": "+1 (905) 539-3039",
    "friends": [
      {
        "id": 0,
        "name": "Moore Lang"
      },
      {
        "id": 1,
        "name": "Johanna Riggs"
      },
      {
        "id": 2,
        "name": "Sanders Wade"
      }
    ]
  },
  {
    "_id": "60bb91f8bb36b71ab7c2ab38",
    "isActive": false,
    "balance": "$1,921.85",
    "name": "Margery Glover",
    "email": "margeryglover@sureplex.com",
    "phone": "+1 (919) 573-2361",
    "friends": [
      {
        "id": 0,
        "name": "Darcy Gibson"
      },
      {
        "id": 1,
        "name": "Jennie Ruiz"
      },
      {
        "id": 2,
        "name": "Ellen Thornton"
      }
    ]
  },
  {
    "_id": "60bb91f8259e487d21a710ca",
    "isActive": true,
    "balance": "$1,022.70",
    "name": "Nannie Landry",
    "email": "nannielandry@sureplex.com",
    "phone": "+1 (885) 550-2030",
    "friends": [
      {
        "id": 0,
        "name": "Payne Meadows"
      },
      {
        "id": 1,
        "name": "Lana Maldonado"
      },
      {
        "id": 2,
        "name": "Copeland Livingston"
      }
    ]
  },
  {
    "_id": "60bb91f815266077c9d2875b",
    "isActive": true,
    "balance": "$3,495.02",
    "name": "Durham Vasquez",
    "email": "durhamvasquez@sureplex.com",
    "phone": "+1 (919) 509-2663",
    "friends": [
      {
        "id": 0,
        "name": "Corrine Dotson"
      },
      {
        "id": 1,
        "name": "Morse Wynn"
      },
      {
        "id": 2,
        "name": "Bowman Sandoval"
      }
    ]
  },
  {
    "_id": "60bb91f84468dedc775d909d",
    "isActive": true,
    "balance": "$2,133.50",
    "name": "Angelique Huffman",
    "email": "angeliquehuffman@sureplex.com",
    "phone": "+1 (889) 550-3892",
    "friends": [
      {
        "id": 0,
        "name": "Avery Rosa"
      },
      {
        "id": 1,
        "name": "Ashley Garrett"
      },
      {
        "id": 2,
        "name": "Phelps Bush"
      }
    ]
  },
  {
    "_id": "60bb91f8ce69d1b2b30cef92",
    "isActive": false,
    "balance": "$3,289.68",
    "name": "Gertrude Curry",
    "email": "gertrudecurry@sureplex.com",
    "phone": "+1 (833) 566-2707",
    "friends": [
      {
        "id": 0,
        "name": "Mathews Gilbert"
      },
      {
        "id": 1,
        "name": "Latasha Solomon"
      },
      {
        "id": 2,
        "name": "Holder Ferrell"
      }
    ]
  },
  {
    "_id": "60bb91f8af5619bd03e319b7",
    "isActive": true,
    "balance": "$2,894.10",
    "name": "Valencia Obrien",
    "email": "valenciaobrien@sureplex.com",
    "phone": "+1 (876) 548-2313",
    "friends": [
      {
        "id": 0,
        "name": "Mcmahon Buck"
      },
      {
        "id": 1,
        "name": "Adams Berg"
      },
      {
        "id": 2,
        "name": "Moody Morris"
      }
    ]
  },
  {
    "_id": "60bb91f88f1c6e90c602f33e",
    "isActive": false,
    "balance": "$1,258.55",
    "name": "Helena Workman",
    "email": "helenaworkman@sureplex.com",
    "phone": "+1 (986) 402-3862",
    "friends": [
      {
        "id": 0,
        "name": "Walters Wright"
      },
      {
        "id": 1,
        "name": "Horn Farrell"
      },
      {
        "id": 2,
        "name": "Debbie Chen"
      }
    ]
  },
  {
    "_id": "60bb91f813f4c73bb33d7ec7",
    "isActive": true,
    "balance": "$1,489.67",
    "name": "Finch Buchanan",
    "email": "finchbuchanan@sureplex.com",
    "phone": "+1 (916) 495-3909",
    "friends": [
      {
        "id": 0,
        "name": "Jannie Byrd"
      },
      {
        "id": 1,
        "name": "Baldwin Patterson"
      },
      {
        "id": 2,
        "name": "Abigail Mullen"
      }
    ]
  },
  {
    "_id": "60bb91f8bb879f08f2d49013",
    "isActive": false,
    "balance": "$1,233.35",
    "name": "Chambers Spence",
    "email": "chambersspence@sureplex.com",
    "phone": "+1 (802) 464-2225",
    "friends": [
      {
        "id": 0,
        "name": "Fern Davis"
      },
      {
        "id": 1,
        "name": "Montoya Rios"
      },
      {
        "id": 2,
        "name": "Lizzie Kent"
      }
    ]
  },
  {
    "_id": "60bb91f8da27096b1e836228",
    "isActive": true,
    "balance": "$1,235.70",
    "name": "Angela Morin",
    "email": "angelamorin@sureplex.com",
    "phone": "+1 (808) 501-2729",
    "friends": [
      {
        "id": 0,
        "name": "Jessie Sullivan"
      },
      {
        "id": 1,
        "name": "Lesa Justice"
      },
      {
        "id": 2,
        "name": "Velasquez Donovan"
      }
    ]
  },
  {
    "_id": "60bb91f8589197ca0d6759ed",
    "isActive": false,
    "balance": "$3,169.31",
    "name": "Solomon Preston",
    "email": "solomonpreston@sureplex.com",
    "phone": "+1 (843) 434-2675",
    "friends": [
      {
        "id": 0,
        "name": "Bailey Leach"
      },
      {
        "id": 1,
        "name": "Carly Hendricks"
      },
      {
        "id": 2,
        "name": "Weiss Gordon"
      }
    ]
  },
  {
    "_id": "60bb91f8e3b6932ff8789181",
    "isActive": true,
    "balance": "$2,404.20",
    "name": "Bowen Campos",
    "email": "bowencampos@sureplex.com",
    "phone": "+1 (961) 533-3939",
    "friends": [
      {
        "id": 0,
        "name": "Angelia Maddox"
      },
      {
        "id": 1,
        "name": "Nita Holmes"
      },
      {
        "id": 2,
        "name": "Moreno Hall"
      }
    ]
  },
  {
    "_id": "60bb91f85e607cfe7b142974",
    "isActive": false,
    "balance": "$2,236.41",
    "name": "Vang George",
    "email": "vanggeorge@sureplex.com",
    "phone": "+1 (972) 404-2019",
    "friends": [
      {
        "id": 0,
        "name": "Delaney Hamilton"
      },
      {
        "id": 1,
        "name": "Maldonado Charles"
      },
      {
        "id": 2,
        "name": "Edna Hess"
      }
    ]
  },
  {
    "_id": "60bb91f8c72a9c40d7ea6e86",
    "isActive": false,
    "balance": "$2,707.91",
    "name": "Guy Nguyen",
    "email": "guynguyen@sureplex.com",
    "phone": "+1 (851) 425-3798",
    "friends": [
      {
        "id": 0,
        "name": "Elba Cardenas"
      },
      {
        "id": 1,
        "name": "Elliott Watson"
      },
      {
        "id": 2,
        "name": "Patty Salazar"
      }
    ]
  },
  {
    "_id": "60bb91f8b45dd75f61059e8f",
    "isActive": true,
    "balance": "$3,443.07",
    "name": "Gallegos Cabrera",
    "email": "gallegoscabrera@sureplex.com",
    "phone": "+1 (828) 454-2796",
    "friends": [
      {
        "id": 0,
        "name": "Lester Cline"
      },
      {
        "id": 1,
        "name": "Hattie Kane"
      },
      {
        "id": 2,
        "name": "Fields Mcfarland"
      }
    ]
  },
  {
    "_id": "60bb91f8509fddb99665db09",
    "isActive": false,
    "balance": "$3,587.41",
    "name": "Tara Benson",
    "email": "tarabenson@sureplex.com",
    "phone": "+1 (933) 456-2397",
    "friends": [
      {
        "id": 0,
        "name": "Maxwell Ellison"
      },
      {
        "id": 1,
        "name": "Moses Mcbride"
      },
      {
        "id": 2,
        "name": "Holloway Wiley"
      }
    ]
  },
  {
    "_id": "60bb91f8bbbff5acd3b7e9ab",
    "isActive": true,
    "balance": "$1,658.82",
    "name": "Nettie Shepard",
    "email": "nettieshepard@sureplex.com",
    "phone": "+1 (870) 466-3651",
    "friends": [
      {
        "id": 0,
        "name": "Weaver Albert"
      },
      {
        "id": 1,
        "name": "Lou Hancock"
      },
      {
        "id": 2,
        "name": "Tabatha Bennett"
      }
    ]
  },
  {
    "_id": "60bb91f893a61f6fb3d7ab66",
    "isActive": false,
    "balance": "$3,803.18",
    "name": "Dennis Cannon",
    "email": "denniscannon@sureplex.com",
    "phone": "+1 (850) 588-2503",
    "friends": [
      {
        "id": 0,
        "name": "Melva Harper"
      },
      {
        "id": 1,
        "name": "Donovan Garner"
      },
      {
        "id": 2,
        "name": "Greene Bean"
      }
    ]
  },
  {
    "_id": "60bb91f84d43c7bdd07202bd",
    "isActive": false,
    "balance": "$2,964.44",
    "name": "Gabrielle Hicks",
    "email": "gabriellehicks@sureplex.com",
    "phone": "+1 (819) 582-3851",
    "friends": [
      {
        "id": 0,
        "name": "Barrera Freeman"
      },
      {
        "id": 1,
        "name": "Owen Stephenson"
      },
      {
        "id": 2,
        "name": "Marci Huff"
      }
    ]
  },
  {
    "_id": "60bb91f845fbce1c383c4658",
    "isActive": true,
    "balance": "$2,013.41",
    "name": "Deleon Nash",
    "email": "deleonnash@sureplex.com",
    "phone": "+1 (901) 561-2726",
    "friends": [
      {
        "id": 0,
        "name": "Talley Alvarez"
      },
      {
        "id": 1,
        "name": "Rosanna Hensley"
      },
      {
        "id": 2,
        "name": "Atkins Mathis"
      }
    ]
  },
  {
    "_id": "60bb91f8096a17e2ad1ad2ec",
    "isActive": true,
    "balance": "$2,987.11",
    "name": "Coleen Frank",
    "email": "coleenfrank@sureplex.com",
    "phone": "+1 (857) 431-2719",
    "friends": [
      {
        "id": 0,
        "name": "Esperanza Ayala"
      },
      {
        "id": 1,
        "name": "Etta Hatfield"
      },
      {
        "id": 2,
        "name": "Ella Bird"
      }
    ]
  },
  {
    "_id": "60bb91f8827d0b43228b03a2",
    "isActive": false,
    "balance": "$2,430.83",
    "name": "Mcfarland Ewing",
    "email": "mcfarlandewing@sureplex.com",
    "phone": "+1 (867) 523-2353",
    "friends": [
      {
        "id": 0,
        "name": "Lindsey Hernandez"
      },
      {
        "id": 1,
        "name": "Petersen Morrison"
      },
      {
        "id": 2,
        "name": "Mckee Christensen"
      }
    ]
  },
  {
    "_id": "60bb91f861ead6d037e7460c",
    "isActive": true,
    "balance": "$1,704.03",
    "name": "Patrice Delgado",
    "email": "patricedelgado@sureplex.com",
    "phone": "+1 (929) 463-3315",
    "friends": [
      {
        "id": 0,
        "name": "Leta Booker"
      },
      {
        "id": 1,
        "name": "Green Hurst"
      },
      {
        "id": 2,
        "name": "Harding Reese"
      }
    ]
  },
  {
    "_id": "60bb91f81152ddba371f0b03",
    "isActive": true,
    "balance": "$1,440.18",
    "name": "Florence Rosario",
    "email": "florencerosario@sureplex.com",
    "phone": "+1 (987) 501-2607",
    "friends": [
      {
        "id": 0,
        "name": "Church Rodgers"
      },
      {
        "id": 1,
        "name": "Morton Pena"
      },
      {
        "id": 2,
        "name": "Latonya Blackburn"
      }
    ]
  },
  {
    "_id": "60bb91f8dd6b7232e90c2f80",
    "isActive": false,
    "balance": "$1,584.35",
    "name": "Jayne Levine",
    "email": "jaynelevine@sureplex.com",
    "phone": "+1 (939) 413-2706",
    "friends": [
      {
        "id": 0,
        "name": "Lena Murray"
      },
      {
        "id": 1,
        "name": "Corine Reid"
      },
      {
        "id": 2,
        "name": "Linda Brennan"
      }
    ]
  },
  {
    "_id": "60bb91f8bbef8d65ed2c58f6",
    "isActive": false,
    "balance": "$3,682.40",
    "name": "Mattie Campbell",
    "email": "mattiecampbell@sureplex.com",
    "phone": "+1 (869) 595-3255",
    "friends": [
      {
        "id": 0,
        "name": "Landry Howell"
      },
      {
        "id": 1,
        "name": "Maritza Lowery"
      },
      {
        "id": 2,
        "name": "Annie Ford"
      }
    ]
  },
  {
    "_id": "60bb91f8cc703803f984af94",
    "isActive": true,
    "balance": "$3,182.50",
    "name": "Ballard Fowler",
    "email": "ballardfowler@sureplex.com",
    "phone": "+1 (939) 503-2321",
    "friends": [
      {
        "id": 0,
        "name": "Butler Nunez"
      },
      {
        "id": 1,
        "name": "Aurelia Riley"
      },
      {
        "id": 2,
        "name": "Reynolds Cross"
      }
    ]
  },
  {
    "_id": "60bb91f8bc5d5adfc3f87921",
    "isActive": true,
    "balance": "$1,351.70",
    "name": "Dale Mclaughlin",
    "email": "dalemclaughlin@sureplex.com",
    "phone": "+1 (955) 573-2665",
    "friends": [
      {
        "id": 0,
        "name": "Sonia Trevino"
      },
      {
        "id": 1,
        "name": "Mcknight Bond"
      },
      {
        "id": 2,
        "name": "Dee Ballard"
      }
    ]
  },
  {
    "_id": "60bb91f83ecef814890ba034",
    "isActive": false,
    "balance": "$3,290.67",
    "name": "Dawn Greer",
    "email": "dawngreer@sureplex.com",
    "phone": "+1 (872) 565-3134",
    "friends": [
      {
        "id": 0,
        "name": "Rosa Robles"
      },
      {
        "id": 1,
        "name": "Woodard Ferguson"
      },
      {
        "id": 2,
        "name": "Ross Stokes"
      }
    ]
  },
  {
    "_id": "60bb91f8faf7dd74e06b2ae5",
    "isActive": false,
    "balance": "$3,739.25",
    "name": "Therese Best",
    "email": "theresebest@sureplex.com",
    "phone": "+1 (942) 590-2884",
    "friends": [
      {
        "id": 0,
        "name": "Peggy Neal"
      },
      {
        "id": 1,
        "name": "Justice Booth"
      },
      {
        "id": 2,
        "name": "Kristen Bates"
      }
    ]
  },
  {
    "_id": "60bb91f8f555b4eb4e5f486d",
    "isActive": false,
    "balance": "$1,238.15",
    "name": "Crosby Phelps",
    "email": "crosbyphelps@sureplex.com",
    "phone": "+1 (918) 439-2186",
    "friends": [
      {
        "id": 0,
        "name": "Roslyn English"
      },
      {
        "id": 1,
        "name": "Herminia Walker"
      },
      {
        "id": 2,
        "name": "Annette Hawkins"
      }
    ]
  },
  {
    "_id": "60bb91f8aa540eb7379f2a88",
    "isActive": false,
    "balance": "$3,048.47",
    "name": "Stevenson Lopez",
    "email": "stevensonlopez@sureplex.com",
    "phone": "+1 (916) 464-2068",
    "friends": [
      {
        "id": 0,
        "name": "Adriana Luna"
      },
      {
        "id": 1,
        "name": "Mabel Roy"
      },
      {
        "id": 2,
        "name": "Crawford Levy"
      }
    ]
  },
  {
    "_id": "60bb91f8d49dbc62a022dd7e",
    "isActive": false,
    "balance": "$3,499.91",
    "name": "Isabella Lowe",
    "email": "isabellalowe@sureplex.com",
    "phone": "+1 (895) 572-3172",
    "friends": [
      {
        "id": 0,
        "name": "Gregory Schmidt"
      },
      {
        "id": 1,
        "name": "Barbara Stafford"
      },
      {
        "id": 2,
        "name": "Mccoy Klein"
      }
    ]
  },
  {
    "_id": "60bb91f8ad96a3fdbe50317e",
    "isActive": false,
    "balance": "$1,142.25",
    "name": "Shirley Burks",
    "email": "shirleyburks@sureplex.com",
    "phone": "+1 (830) 539-2458",
    "friends": [
      {
        "id": 0,
        "name": "Flora Valencia"
      },
      {
        "id": 1,
        "name": "Krystal Marquez"
      },
      {
        "id": 2,
        "name": "Buckley Suarez"
      }
    ]
  },
  {
    "_id": "60bb91f8f2ddd18c67e2c698",
    "isActive": false,
    "balance": "$2,178.60",
    "name": "Conley Bass",
    "email": "conleybass@sureplex.com",
    "phone": "+1 (967) 457-2836",
    "friends": [
      {
        "id": 0,
        "name": "Jeanne Welch"
      },
      {
        "id": 1,
        "name": "Marla Holcomb"
      },
      {
        "id": 2,
        "name": "Roy Hayden"
      }
    ]
  },
  {
    "_id": "60bb91f89ee2d2fbd2e88191",
    "isActive": false,
    "balance": "$1,989.84",
    "name": "Parrish Lynch",
    "email": "parrishlynch@sureplex.com",
    "phone": "+1 (940) 506-2086",
    "friends": [
      {
        "id": 0,
        "name": "Garza Carr"
      },
      {
        "id": 1,
        "name": "Stanton Gates"
      },
      {
        "id": 2,
        "name": "Hamilton Harvey"
      }
    ]
  },
  {
    "_id": "60bb91f88510d099d275c7d8",
    "isActive": false,
    "balance": "$2,317.00",
    "name": "Clark Nieves",
    "email": "clarknieves@sureplex.com",
    "phone": "+1 (921) 539-3446",
    "friends": [
      {
        "id": 0,
        "name": "Glenn Wise"
      },
      {
        "id": 1,
        "name": "Cunningham Gaines"
      },
      {
        "id": 2,
        "name": "Lambert Banks"
      }
    ]
  },
  {
    "_id": "60bb91f86ffcd520a7bb1f89",
    "isActive": true,
    "balance": "$2,947.97",
    "name": "Levy Sloan",
    "email": "levysloan@sureplex.com",
    "phone": "+1 (834) 461-3562",
    "friends": [
      {
        "id": 0,
        "name": "Goldie Anthony"
      },
      {
        "id": 1,
        "name": "Mcbride Roberts"
      },
      {
        "id": 2,
        "name": "Adrian Stephens"
      }
    ]
  },
  {
    "_id": "60bb91f8a96a93480ac9d29a",
    "isActive": true,
    "balance": "$1,299.26",
    "name": "Beatrice Mueller",
    "email": "beatricemueller@sureplex.com",
    "phone": "+1 (837) 576-3012",
    "friends": [
      {
        "id": 0,
        "name": "Pacheco Nicholson"
      },
      {
        "id": 1,
        "name": "Logan Baker"
      },
      {
        "id": 2,
        "name": "Maureen Knowles"
      }
    ]
  },
  {
    "_id": "60bb91f82253831367a0b781",
    "isActive": false,
    "balance": "$2,727.48",
    "name": "Virgie Hart",
    "email": "virgiehart@sureplex.com",
    "phone": "+1 (946) 528-2568",
    "friends": [
      {
        "id": 0,
        "name": "Luella Anderson"
      },
      {
        "id": 1,
        "name": "Ernestine Hughes"
      },
      {
        "id": 2,
        "name": "Dorothy Daugherty"
      }
    ]
  },
  {
    "_id": "60bb91f8a3e674b3471a2610",
    "isActive": false,
    "balance": "$3,469.64",
    "name": "Irma Wood",
    "email": "irmawood@sureplex.com",
    "phone": "+1 (973) 516-2627",
    "friends": [
      {
        "id": 0,
        "name": "Decker Christian"
      },
      {
        "id": 1,
        "name": "Sonya Wagner"
      },
      {
        "id": 2,
        "name": "Miranda Manning"
      }
    ]
  },
  {
    "_id": "60bb91f84b2274e9885dab9a",
    "isActive": false,
    "balance": "$2,796.85",
    "name": "Ursula Haley",
    "email": "ursulahaley@sureplex.com",
    "phone": "+1 (938) 554-3199",
    "friends": [
      {
        "id": 0,
        "name": "Giles Wolfe"
      },
      {
        "id": 1,
        "name": "Knight Graves"
      },
      {
        "id": 2,
        "name": "Nora Roach"
      }
    ]
  },
  {
    "_id": "60bb91f8553f887043fc4c30",
    "isActive": false,
    "balance": "$1,489.31",
    "name": "Raymond Beck",
    "email": "raymondbeck@sureplex.com",
    "phone": "+1 (903) 584-3364",
    "friends": [
      {
        "id": 0,
        "name": "Gonzales Lynn"
      },
      {
        "id": 1,
        "name": "Hazel Snider"
      },
      {
        "id": 2,
        "name": "Millie Franks"
      }
    ]
  },
  {
    "_id": "60bb91f87c7fa8e8cd91bcd3",
    "isActive": true,
    "balance": "$2,486.32",
    "name": "Rebekah Rosales",
    "email": "rebekahrosales@sureplex.com",
    "phone": "+1 (862) 599-2287",
    "friends": [
      {
        "id": 0,
        "name": "Vargas Holder"
      },
      {
        "id": 1,
        "name": "Barton Richards"
      },
      {
        "id": 2,
        "name": "Gena Mccall"
      }
    ]
  },
  {
    "_id": "60bb91f8b5e62bbb38f0600b",
    "isActive": true,
    "balance": "$3,549.78",
    "name": "Roth Hampton",
    "email": "rothhampton@sureplex.com",
    "phone": "+1 (875) 454-2114",
    "friends": [
      {
        "id": 0,
        "name": "Jennifer Hogan"
      },
      {
        "id": 1,
        "name": "Keri Hale"
      },
      {
        "id": 2,
        "name": "Rowland Morse"
      }
    ]
  }
]